{
  "sample_index": 5,
  "base_name": "262_10",
  "description": "A glacier dominates the frame, its surface a blend of white and blue hues that contrast with the dark, rocky terrain below. The glacier appears to be partially melted or breaking apart, with sections of white and blue water or ice visible. It rests on a rocky bed, creating a stark contrast between the smooth glacier and the rough, dark rocks. The background reveals a dark, possibly mountainous or hilly landscape. The image is taken from a low angle, looking up at the glacier, emphasizing its massive scale and intricate details. The dark rocks and soil in the foreground appear wet or partially melted, adding another layer to the complex and dynamic scene.",
  "image_file": "262_10_label.jpg",
  "audio_file": "262_10_img.wav",
  "gt_peak": 0.9000000357627869,
  "gt_rms": 0.011321197263896465,
  "gt_duration": 5.94,
  "gt_rt60": 0.36929166666666663,
  "gt_drr": -2.2100090980529785,
  "gt_c80": 29.20694589614868,
  "gt_spectral_centroid": 4407.905522687264,
  "gt_spectral_rolloff": 8421.04377104377,
  "gt_zero_crossing_rate": 0.016607042648709314,
  "image_peak": 0.9,
  "image_rms": 0.026607805261204428,
  "image_duration": 5.0,
  "image_rt60": 0.8943958333333334,
  "image_drr": -9.970492153926186,
  "image_c80": 13.52498026602585,
  "image_spectral_centroid": 6412.567573097195,
  "image_spectral_rolloff": 13117.6,
  "image_zero_crossing_rate": 0.21399583333333333,
  "image_vs_gt_correlation": -0.018102424796248105,
  "image_vs_gt_mse": 0.0008721278551286931,
  "image_vs_gt_rmse": 0.029531810901614095,
  "image_vs_gt_lsd": 1.5434724891108977,
  "image_vs_gt_spectral_convergence": 0.9059992457749803,
  "text_peak": 0.8999999761581421,
  "text_rms": 0.00891487579792738,
  "text_duration": 5.0,
  "text_rt60": 4.4852083333333335,
  "text_drr": -11.14772915840149,
  "text_c80": -2.2585637867450714,
  "text_spectral_centroid": 5642.378134644447,
  "text_spectral_rolloff": 10472.6,
  "text_zero_crossing_rate": 0.10704166666666666,
  "text_vs_gt_correlation": 0.015069586617578005,
  "text_vs_gt_mse": 0.00022842457110527903,
  "text_vs_gt_rmse": 0.01511372160166502,
  "text_vs_gt_lsd": 0.8437762260437012,
  "text_vs_gt_spectral_convergence": Infinity,
  "image_vs_text_correlation": 0.003864467661501486,
  "image_vs_text_mse": 0.0007856173739240368,
  "image_vs_text_rmse": 0.028028866797001208,
  "image_vs_text_lsd": 1.2330257286071946,
  "image_vs_text_spectral_convergence": 0.9069390493768651,
  "clip_score": 0.306396484375
}