{
  "sample_index": 7,
  "base_name": "201_6",
  "long_description": "A Gothic cathedral, constructed primarily from cream or beige stone, exudes a sense of serenity with its tall, majestic arches and pointed windows. The viewer's perspective is from the back of the cathedral, looking towards the altar at the far end, which is situated on a raised platform. The altar is a focal point, adorned with an intricate design. The cathedral's interior isadjacent by several columns and features multiple levels of seating, made of light brown wood, in the foreground. The ceiling is a peach or pink color, adding to the overall warm and inviting atmosphere. The lighting within the cathedral is soft and diffused, with no visible stained glass windows or chandeliers.",
  "short_description": "cathedral interior; vast; stone, wood, glass; 10; very_long (>3.0 s)",
  "image_file": "201_6_label.jpg",
  "audio_file": "201_6_img.wav",
  "gt_peak": 0.9000000357627869,
  "gt_rms": 0.018400613218545914,
  "gt_duration": 5.94,
  "gt_rt60": 5.4072708333333335,
  "gt_drr": -10.111252069473267,
  "gt_c80": -6.8968600034713745,
  "gt_spectral_centroid": 1357.23215990786,
  "gt_spectral_rolloff": 2649.4949494949497,
  "gt_zero_crossing_rate": 0.04126332772166105,
  "image_peak": 0.9,
  "image_rms": 0.0231176624282194,
  "image_duration": 5.0,
  "image_rt60": 2.650020833333333,
  "image_drr": -9.11680818788432,
  "image_c80": 4.98097848511623,
  "image_spectral_centroid": 6915.771316742112,
  "image_spectral_rolloff": 12686.400000000001,
  "image_zero_crossing_rate": 0.1220875,
  "image_vs_gt_correlation": 0.01682737725708387,
  "image_vs_gt_mse": 0.0009210322720581971,
  "image_vs_gt_rmse": 0.03034851350656564,
  "image_vs_gt_lsd": 1.6010603659534985,
  "image_vs_gt_spectral_convergence": 4.302424100674929,
  "text_long_peak": 0.8999999761581421,
  "text_long_rms": 0.0034508558455854654,
  "text_long_duration": 5.0,
  "text_long_rt60": 1.2165208333333333,
  "text_long_drr": -2.184283435344696,
  "text_long_c80": 2.9004868865013123,
  "text_long_spectral_centroid": 7514.108816479236,
  "text_long_spectral_rolloff": 14987.400000000001,
  "text_long_zero_crossing_rate": 0.16867083333333333,
  "text_long_vs_gt_correlation": -0.01195470834960677,
  "text_long_vs_gt_mse": 0.00041577217052690685,
  "text_long_vs_gt_rmse": 0.02039049193263054,
  "text_long_vs_gt_lsd": 0.9133690595626831,
  "text_long_vs_gt_spectral_convergence": Infinity,
  "text_short_peak": 0.8999999761581421,
  "text_short_rms": 0.0035197557881474495,
  "text_short_duration": 5.0,
  "text_short_rt60": 3.2729166666666667,
  "text_short_drr": -3.126474916934967,
  "text_short_c80": 1.0466855019330978,
  "text_short_spectral_centroid": 6853.428012910548,
  "text_short_spectral_rolloff": 14141.0,
  "text_short_zero_crossing_rate": 0.25925,
  "text_short_vs_gt_correlation": -0.020979772957839392,
  "text_short_vs_gt_mse": 0.00041755876736715436,
  "text_short_vs_gt_rmse": 0.02043425478041172,
  "text_short_vs_gt_lsd": 0.8807111382484436,
  "text_short_vs_gt_spectral_convergence": Infinity,
  "image_vs_text_long_correlation": -0.02019216263510686,
  "image_vs_text_long_mse": 0.0005495563953145015,
  "image_vs_text_long_rmse": 0.023442619207641912,
  "image_vs_text_long_lsd": 1.5671308027708832,
  "image_vs_text_long_spectral_convergence": 0.9800595347419242,
  "image_vs_text_short_correlation": -0.03550316148481719,
  "image_vs_text_short_mse": 0.0005525927413429071,
  "image_vs_text_short_rmse": 0.023507291237888448,
  "image_vs_text_short_lsd": 1.58004864488506,
  "image_vs_text_short_spectral_convergence": 0.9788297288724424,
  "text_long_vs_text_short_correlation": 0.38634323919429625,
  "text_long_vs_text_short_mse": 1.4912149708834477e-05,
  "text_long_vs_text_short_rmse": 0.003861625213176012,
  "text_long_vs_text_short_lsd": 0.39349377155303955,
  "text_long_vs_text_short_spectral_convergence": Infinity,
  "clip_score_long": 0.297607421875,
  "clip_score_short": 0.302001953125
}