{
  "sample_index": 4,
  "base_name": "210_22",
  "description": "A spacious, modern building interior features a blend of brick and wood elements, creating a warm and inviting atmosphere. The ceiling is adorned with wooden panels and recessed lighting, casting a soft glow throughout the interior. The walls are primarily brick on a section of wooden beam. On the right side of the image, a dark grey or black wall displays the number \"1\", likely indicating a hallway or directional element. On the left side, a wooden beam extends from the ceiling. In front of the beam, a wooden staircase leads upwards, with a glass railing providing a safety view for visitors. Near the staircase, a white sign with black text is visible.  In the background, a higher level with a wooden beam and glass railing is visible, and a large digital display is mounted on the wall.  People can be seen walking and sitting in the area, adding a dynamic element to the otherwise static interior design.",
  "image_file": "210_22_label.jpg",
  "audio_file": "210_22_img.wav",
  "gt_peak": 0.8999999761581421,
  "gt_rms": 0.020124146714806557,
  "gt_duration": 5.94,
  "gt_rt60": 2.1568750000000003,
  "gt_drr": -12.087105512619019,
  "gt_c80": -0.7810631394386292,
  "gt_spectral_centroid": 2304.4337808675887,
  "gt_spectral_rolloff": 5274.747474747475,
  "gt_zero_crossing_rate": 0.022366021324354658,
  "image_peak": 0.9,
  "image_rms": 0.023454687232608372,
  "image_duration": 5.0,
  "image_rt60": 1.4891875,
  "image_drr": -10.094611576363839,
  "image_c80": 4.933630790512925,
  "image_spectral_centroid": 7712.916721900246,
  "image_spectral_rolloff": 16228.400000000001,
  "image_zero_crossing_rate": 0.19179166666666667,
  "image_vs_gt_correlation": 0.035291780707168464,
  "image_vs_gt_mse": 0.0009949277378383918,
  "image_vs_gt_rmse": 0.031542475138111654,
  "image_vs_gt_lsd": 1.4632454524994662,
  "image_vs_gt_spectral_convergence": 6.89938833366561,
  "text_peak": 0.8999999761581421,
  "text_rms": 0.0028735846281051636,
  "text_duration": 5.0,
  "text_rt60": 4.683333333333334,
  "text_drr": 0.24433977901935577,
  "text_c80": 6.953778266906738,
  "text_spectral_centroid": 9164.256115565642,
  "text_spectral_rolloff": 16513.2,
  "text_zero_crossing_rate": 0.15988333333333332,
  "text_vs_gt_correlation": -0.0102547358198972,
  "text_vs_gt_mse": 0.0004906672984361649,
  "text_vs_gt_rmse": 0.02215101197361946,
  "text_vs_gt_lsd": 1.2066904306411743,
  "text_vs_gt_spectral_convergence": Infinity,
  "image_vs_text_correlation": -0.012154623556462588,
  "image_vs_text_mse": 0.000560018702135325,
  "image_vs_text_rmse": 0.02366471428383037,
  "image_vs_text_lsd": 1.6950532634131337,
  "image_vs_text_spectral_convergence": 0.9876934856623552,
  "clip_score": 0.314208984375
}