{
  "sample_index": 3,
  "base_name": "223_68",
  "description": "An empty subway station features a vaulted, grid-like ceiling covered in a blue and white pattern. Tall, sturdy concrete walls rise from the floor, providing a stark contrast to the colorful ceiling. Metal support beams crisscross the ceiling, and the walls are punctuated by sections of exposed concrete. A portion of a subway entrance is visible in the lower left, and a dark blue or black metal railing runs along the front of the station. A small, dark platform is located in the lower center of the image. Two individuals can be seen walking towards the back of the station. The scene is devoid of any signage, advertisements, or push pins, and the absence of any people creates a sense of quiet stillness.",
  "image_file": "223_68_label.jpg",
  "audio_file": "223_68_img.wav",
  "gt_peak": 0.8999999165534973,
  "gt_rms": 0.013928587548434734,
  "gt_duration": 5.94,
  "gt_rt60": 5.7355833333333335,
  "gt_drr": -8.778234720230103,
  "gt_c80": 1.5666048228740692,
  "gt_spectral_centroid": 2364.322481768315,
  "gt_spectral_rolloff": 4853.367003367003,
  "gt_zero_crossing_rate": 0.05462261503928171,
  "image_peak": 0.9,
  "image_rms": 0.029576554949795098,
  "image_duration": 5.0,
  "image_rt60": 1.4632916666666667,
  "image_drr": -13.023830630615302,
  "image_c80": 2.120495222006678,
  "image_spectral_centroid": 6787.980355980253,
  "image_spectral_rolloff": 13732.0,
  "image_zero_crossing_rate": 0.199675,
  "image_vs_gt_correlation": -0.0021000066329153614,
  "image_vs_gt_mse": 0.0011071299736326882,
  "image_vs_gt_rmse": 0.03327356268319773,
  "image_vs_gt_lsd": 1.62940969429225,
  "image_vs_gt_spectral_convergence": 0.8445682353603369,
  "text_peak": 0.8999999761581421,
  "text_rms": 0.0022181563545018435,
  "text_duration": 5.0,
  "text_rt60": 1.5575625,
  "text_drr": 8.228696584701538,
  "text_c80": 21.43860101699829,
  "text_spectral_centroid": 12650.446564518761,
  "text_spectral_rolloff": 19051.4,
  "text_zero_crossing_rate": 0.167525,
  "text_vs_gt_correlation": -0.0033827272570587253,
  "text_vs_gt_mse": 0.00023562456772197038,
  "text_vs_gt_rmse": 0.015350067056715488,
  "text_vs_gt_lsd": 1.2332209348678589,
  "text_vs_gt_spectral_convergence": Infinity,
  "image_vs_text_correlation": 0.008519327418106975,
  "image_vs_text_mse": 0.0008785749069636758,
  "image_vs_text_rmse": 0.02964076427765782,
  "image_vs_text_lsd": 1.9935845725185684,
  "image_vs_text_spectral_convergence": 0.9973545772166948,
  "clip_score": 0.26171875
}