{
  "sample_index": 2,
  "base_name": "219_4",
  "description": "An industrial warehouse with a high ceiling and sturdy metal beams is illuminated by multiple spotlights. The warehouse floor is a light brown color and appears to be made of concrete. Along one wall, facing the camera, a series of large, white metal doors are visible.  In the background, a white building with multiple windows is present, and next to it, a smaller white structure with a possible window is visible as well. A white wire or cable is also visible in the lower right corner of the image.",
  "image_file": "219_4_label.jpg",
  "audio_file": "219_4_img.wav",
  "gt_peak": 0.8999999761581421,
  "gt_rms": 0.014456316828727722,
  "gt_duration": 5.94,
  "gt_rt60": 5.70525,
  "gt_drr": -7.6867687702178955,
  "gt_c80": 1.5349356830120087,
  "gt_spectral_centroid": 2142.5070075526382,
  "gt_spectral_rolloff": 3604.040404040404,
  "gt_zero_crossing_rate": 0.0755331088664422,
  "image_peak": 0.9,
  "image_rms": 0.02048246299063506,
  "image_duration": 5.0,
  "image_rt60": 1.5225416666666667,
  "image_drr": -10.23028108130314,
  "image_c80": 5.10770288158275,
  "image_spectral_centroid": 7421.469442234393,
  "image_spectral_rolloff": 15292.400000000001,
  "image_zero_crossing_rate": 0.187025,
  "image_vs_gt_correlation": 0.006133880263107955,
  "image_vs_gt_mse": 0.000663788622654439,
  "image_vs_gt_rmse": 0.025764095611032788,
  "image_vs_gt_lsd": 1.4474491118794992,
  "image_vs_gt_spectral_convergence": 1.4570005598865179,
  "text_peak": 0.8999999761581421,
  "text_rms": 0.002814521314576268,
  "text_duration": 5.0,
  "text_rt60": 2.323583333333333,
  "text_drr": 0.3857177495956421,
  "text_c80": 4.938237965106964,
  "text_spectral_centroid": 8647.330793234123,
  "text_spectral_rolloff": 16585.2,
  "text_zero_crossing_rate": 0.25924166666666665,
  "text_vs_gt_correlation": -0.010500444176826947,
  "text_vs_gt_mse": 0.00025707765598781407,
  "text_vs_gt_rmse": 0.01603364199399948,
  "text_vs_gt_lsd": 1.0215587615966797,
  "text_vs_gt_spectral_convergence": Infinity,
  "image_vs_text_correlation": 0.035798689755405226,
  "image_vs_text_mse": 0.000423324816784829,
  "image_vs_text_rmse": 0.020574858852124088,
  "image_vs_text_lsd": 1.5974279812964565,
  "image_vs_text_spectral_convergence": 0.9836459638095187,
  "clip_score": 0.344970703125
}