{
  "sample_index": 9,
  "base_name": "239_44",
  "long_description": "A dimly lit stage, constructed of wood, is bathed in the soft glow of white spotlights. The stage floor appears to be dirt or a similar dark surface. A microphone stand stands on the stage. In the foreground, a computer monitor is positioned, though its screen is not illuminated . . . Various pieces of equipment and equipment are scattered across the stage, and what appears to be a drum set is partially obscured by the lighting. The stage walls feature some decorations or fabric elements, but they are not easily identifiable. Behind the stage, a portion of a curtain or backdrop is visible. The chairs on the stage are a dark color, possibly black or dark brown.",
  "short_description": "small theater; small; wood, metal, glass; 10; medium (0.7 s)",
  "image_file": "239_44_label.jpg",
  "audio_file": "239_44_img.wav",
  "gt_peak": 0.9000000357627869,
  "gt_rms": 0.008241444826126099,
  "gt_duration": 5.94,
  "gt_rt60": 2.4042916666666665,
  "gt_drr": -0.9421302378177643,
  "gt_c80": 7.0011842250823975,
  "gt_spectral_centroid": 3230.4983551246773,
  "gt_spectral_rolloff": 6704.377104377105,
  "gt_zero_crossing_rate": 0.021205106621773287,
  "image_peak": 0.9,
  "image_rms": 0.013930815241852954,
  "image_duration": 5.0,
  "image_rt60": 0.8950208333333334,
  "image_drr": -5.145869371574098,
  "image_c80": 10.147634574655918,
  "image_spectral_centroid": 9215.666513767726,
  "image_spectral_rolloff": 17897.4,
  "image_zero_crossing_rate": 0.24379583333333332,
  "image_vs_gt_correlation": 0.026556618265453292,
  "image_vs_gt_mse": 0.0002681139216321129,
  "image_vs_gt_rmse": 0.01637418460968707,
  "image_vs_gt_lsd": 1.2547144870361693,
  "image_vs_gt_spectral_convergence": Infinity,
  "text_long_peak": 0.8999999761581421,
  "text_long_rms": 0.0021822552662342787,
  "text_long_duration": 5.0,
  "text_long_rt60": 0.95625,
  "text_long_drr": 8.190529942512512,
  "text_long_c80": 19.09999132156372,
  "text_long_spectral_centroid": 12473.65803060802,
  "text_long_spectral_rolloff": 18996.2,
  "text_long_zero_crossing_rate": 0.06490833333333333,
  "text_long_vs_gt_correlation": 0.04185640428987174,
  "text_long_vs_gt_mse": 8.381307270610705e-05,
  "text_long_vs_gt_rmse": 0.00915494840592146,
  "text_long_vs_gt_lsd": 0.9856095314025879,
  "text_long_vs_gt_spectral_convergence": Infinity,
  "text_short_peak": 0.8999999761581421,
  "text_short_rms": 0.0026573394425213337,
  "text_short_duration": 5.0,
  "text_short_rt60": 2.512583333333333,
  "text_short_drr": 1.4247678220272064,
  "text_short_c80": 6.4375901222229,
  "text_short_spectral_centroid": 9311.066845512994,
  "text_short_spectral_rolloff": 17302.4,
  "text_short_zero_crossing_rate": 0.316725,
  "text_short_vs_gt_correlation": 0.042731551301752324,
  "text_short_vs_gt_mse": 8.571171929361299e-05,
  "text_short_vs_gt_rmse": 0.009258062578737736,
  "text_short_vs_gt_lsd": 0.8424853086471558,
  "text_short_vs_gt_spectral_convergence": Infinity,
  "image_vs_text_long_correlation": -0.029107174893694836,
  "image_vs_text_long_mse": 0.000200599101928652,
  "image_vs_text_long_rmse": 0.01416330123695221,
  "image_vs_text_long_lsd": 1.4732041787693118,
  "image_vs_text_long_spectral_convergence": Infinity,
  "image_vs_text_short_correlation": -0.03238131327521837,
  "image_vs_text_short_mse": 0.0002035266602099501,
  "image_vs_text_short_rmse": 0.01426627702695942,
  "image_vs_text_short_lsd": 1.3707998715779828,
  "image_vs_text_short_spectral_convergence": Infinity,
  "text_long_vs_text_short_correlation": 0.758080671970386,
  "text_long_vs_text_short_mse": 3.0317028176796157e-06,
  "text_long_vs_text_short_rmse": 0.0017411785665899515,
  "text_long_vs_text_short_lsd": 0.298715204000473,
  "text_long_vs_text_short_spectral_convergence": Infinity,
  "clip_score_long": 0.315673828125,
  "clip_score_short": 0.26904296875
}