{
  "sample_index": 11,
  "base_name": "224_130",
  "long_description": "A church interior features a large, ornately decorated altar, made of a dark material, possibly wood or stone, with a gold and black design. A painting, likely depicting a religious figure, adorns the wall behind the altar. Tall, white columns with intricate designs surround the space. In the foreground, rows of dark wooden pews face the altar. The floor is covered in black and white checkered tiles. A person is seen standing near the left side of the image, partially obscured by the pews. The interior appears to be a large, ornate church or cathedral.",
  "short_description": "church interior; large; plaster, wood, marble; 10; long (1.5 s)",
  "image_file": "224_130_label.jpg",
  "audio_file": "224_130_img.wav",
  "gt_peak": 0.8999999761581421,
  "gt_rms": 0.010511646047234535,
  "gt_duration": 5.94,
  "gt_rt60": 5.3116875,
  "gt_drr": -4.390059411525726,
  "gt_c80": -0.880201905965805,
  "gt_spectral_centroid": 2904.688302852073,
  "gt_spectral_rolloff": 5263.804713804714,
  "gt_zero_crossing_rate": 0.08383136924803591,
  "image_peak": 0.9,
  "image_rms": 0.011882441778040544,
  "image_duration": 5.0,
  "image_rt60": 2.1733333333333333,
  "image_drr": -5.356507579468489,
  "image_c80": 8.035303522250564,
  "image_spectral_centroid": 9044.280588444693,
  "image_spectral_rolloff": 15401.800000000001,
  "image_zero_crossing_rate": 0.12300833333333333,
  "image_vs_gt_correlation": 0.00030920515713511786,
  "image_vs_gt_mse": 0.00027237189985319563,
  "image_vs_gt_rmse": 0.016503693521548308,
  "image_vs_gt_lsd": 1.1868338880448492,
  "image_vs_gt_spectral_convergence": Infinity,
  "text_long_peak": 0.8999999761581421,
  "text_long_rms": 0.0023306540679186583,
  "text_long_duration": 5.0,
  "text_long_rt60": 1.3700625,
  "text_long_drr": 7.915388345718384,
  "text_long_c80": 20.410280227661133,
  "text_long_spectral_centroid": 12600.088874770412,
  "text_long_spectral_rolloff": 19062.4,
  "text_long_zero_crossing_rate": 0.10183333333333333,
  "text_long_vs_gt_correlation": 7.841939034615602e-05,
  "text_long_vs_gt_mse": 0.00013668768224306405,
  "text_long_vs_gt_rmse": 0.011691350489854813,
  "text_long_vs_gt_lsd": 1.108669400215149,
  "text_long_vs_gt_spectral_convergence": Infinity,
  "text_short_peak": 0.8999999761581421,
  "text_short_rms": 0.0022337622940540314,
  "text_short_duration": 5.0,
  "text_short_rt60": 2.230020833333333,
  "text_short_drr": 8.166227340698242,
  "text_short_c80": 18.51411461830139,
  "text_short_spectral_centroid": 12566.324522524024,
  "text_short_spectral_rolloff": 19049.4,
  "text_short_zero_crossing_rate": 0.21609166666666665,
  "text_short_vs_gt_correlation": 0.00428083895677025,
  "text_short_vs_gt_mse": 0.00013603134721051902,
  "text_short_vs_gt_rmse": 0.01166324783116579,
  "text_short_vs_gt_lsd": 1.1073793172836304,
  "text_short_vs_gt_spectral_convergence": Infinity,
  "image_vs_text_long_correlation": 0.005996983361265263,
  "image_vs_text_long_mse": 0.00014629246504645037,
  "image_vs_text_long_rmse": 0.012095142208607981,
  "image_vs_text_long_lsd": 1.2932810016142362,
  "image_vs_text_long_spectral_convergence": Infinity,
  "image_vs_text_short_correlation": 0.005647327021222462,
  "image_vs_text_short_mse": 0.00014588246599753468,
  "image_vs_text_short_rmse": 0.012078181402741668,
  "image_vs_text_short_lsd": 1.3147792554756668,
  "image_vs_text_short_spectral_convergence": Infinity,
  "text_long_vs_text_short_correlation": 0.9185085897008559,
  "text_long_vs_text_short_mse": 8.579056611779379e-07,
  "text_long_vs_text_short_rmse": 0.0009262319654226303,
  "text_long_vs_text_short_lsd": 0.0848960429430008,
  "text_long_vs_text_short_spectral_convergence": Infinity,
  "clip_score_long": 0.2841796875,
  "clip_score_short": 0.306396484375
}