{
  "sample_index": 25,
  "base_name": "230_19",
  "long_description": "In the center of a room with light-colored wooden walls and a matching wooden floor, a majestic black grand piano stands proudly. The piano, its lid open and raised, is positioned on a light-colored wooden stage that also features a small, dark-colored bench. To the right of the stage, a window draped with dark curtains lets in a soft, diffused light. On the left side of the image, a stack of books rests casually. A set of double doors is visible on the right side of the room. Above the piano, the ceiling is adorned with recessed lighting fixtures that illuminate the room with bright light.",
  "short_description": "small music room; small; wood, glass; 10; medium (0.7 s)",
  "image_file": "230_19_label.jpg",
  "audio_file": "230_19_img.wav",
  "gt_peak": 0.8999999761581421,
  "gt_rms": 0.008044255897402763,
  "gt_duration": 5.94,
  "gt_rt60": 4.685625000000001,
  "gt_drr": -6.586454510688782,
  "gt_c80": 1.2240700423717499,
  "gt_spectral_centroid": 3735.4249173072726,
  "gt_spectral_rolloff": 7225.925925925926,
  "gt_zero_crossing_rate": 0.050827721661054995,
  "image_peak": 0.9,
  "image_rms": 0.02033507772703148,
  "image_duration": 5.0,
  "image_rt60": 0.7905833333333333,
  "image_drr": -8.921925270312794,
  "image_c80": 12.269467141733463,
  "image_spectral_centroid": 10009.538057059732,
  "image_spectral_rolloff": 18273.4,
  "image_zero_crossing_rate": 0.24370833333333333,
  "image_vs_gt_correlation": 0.014528994707480538,
  "image_vs_gt_mse": 0.0004852109678102016,
  "image_vs_gt_rmse": 0.022027504802183146,
  "image_vs_gt_lsd": 1.5695471640635064,
  "image_vs_gt_spectral_convergence": Infinity,
  "text_long_peak": 0.8999999761581421,
  "text_long_rms": 0.003283765399828553,
  "text_long_duration": 5.0,
  "text_long_rt60": 1.3564583333333333,
  "text_long_drr": -2.032034397125244,
  "text_long_c80": 4.8446157574653625,
  "text_long_spectral_centroid": 8667.466270098808,
  "text_long_spectral_rolloff": 15463.400000000001,
  "text_long_zero_crossing_rate": 0.12420416666666667,
  "text_long_vs_gt_correlation": 0.012595335621782418,
  "text_long_vs_gt_mse": 8.693334530107677e-05,
  "text_long_vs_gt_rmse": 0.009323805570602417,
  "text_long_vs_gt_lsd": 0.8469963669776917,
  "text_long_vs_gt_spectral_convergence": Infinity,
  "text_short_peak": 0.8999999761581421,
  "text_short_rms": 0.002170769264921546,
  "text_short_duration": 5.0,
  "text_short_rt60": 0.8710208333333334,
  "text_short_drr": 9.56533133983612,
  "text_short_c80": 34.53337907791138,
  "text_short_spectral_centroid": 12992.895784122373,
  "text_short_spectral_rolloff": 19297.2,
  "text_short_zero_crossing_rate": 0.13142916666666668,
  "text_short_vs_gt_correlation": 0.012091892636518926,
  "text_short_vs_gt_mse": 8.112757495837286e-05,
  "text_short_vs_gt_rmse": 0.009007085114717484,
  "text_short_vs_gt_lsd": 1.0493559837341309,
  "text_short_vs_gt_spectral_convergence": Infinity,
  "image_vs_text_long_correlation": 0.0006671904880695921,
  "image_vs_text_long_mse": 0.000424209415401704,
  "image_vs_text_long_rmse": 0.020596344709722256,
  "image_vs_text_long_lsd": 1.6067858511275648,
  "image_vs_text_long_spectral_convergence": Infinity,
  "image_vs_text_short_correlation": -0.03917813254916411,
  "image_vs_text_short_mse": 0.0004216864557280016,
  "image_vs_text_short_rmse": 0.020535005617919894,
  "image_vs_text_short_lsd": 1.7787213525105559,
  "image_vs_text_short_spectral_convergence": Infinity,
  "text_long_vs_text_short_correlation": 0.6086453349261608,
  "text_long_vs_text_short_mse": 6.818148904130794e-06,
  "text_long_vs_text_short_rmse": 0.002611158648505807,
  "text_long_vs_text_short_lsd": 0.4616529941558838,
  "text_long_vs_text_short_spectral_convergence": Infinity,
  "clip_score_long": 0.352783203125,
  "clip_score_short": 0.305419921875
}