{
  "sample_index": 15,
  "base_name": "241_9",
  "long_description": "A dimly lit room features a dark, possibly wooden, ceiling that extends across the space. A window on the right side allows natural light to filter in, casting soft shadows on the walls and floor. The room has a generally simple aesthetic, with light-colored walls and bare wooden beams on the ceiling. A portion of a dark-colored door or wall is visible on the left side, near a window. There is also a small, dark object suspended from the ceiling near the top left corner. A white or light-colored object, possibly a curtain or panel, is visible to the right of the window.",
  "short_description": "small carpeted bedroom; small; plaster, carpet, wood; 70; short (<0.4 s)",
  "image_file": "241_9_label.jpg",
  "audio_file": "241_9_img.wav",
  "gt_peak": 0.8999999761581421,
  "gt_rms": 0.015849832445383072,
  "gt_duration": 5.94,
  "gt_rt60": 1.6062083333333335,
  "gt_drr": -9.044371843338013,
  "gt_c80": 2.27668896317482,
  "gt_spectral_centroid": 1928.6696199024232,
  "gt_spectral_rolloff": 3469.1919191919196,
  "gt_zero_crossing_rate": 0.017760942760942762,
  "image_peak": 0.9,
  "image_rms": 0.025221121525671967,
  "image_duration": 5.0,
  "image_rt60": 0.7098541666666667,
  "image_drr": -10.215908631795738,
  "image_c80": 6.648169263347152,
  "image_spectral_centroid": 6773.870736046306,
  "image_spectral_rolloff": 14990.400000000001,
  "image_zero_crossing_rate": 0.22872083333333335,
  "image_vs_gt_correlation": 0.016953424465185177,
  "image_vs_gt_mse": 0.0009197775248638214,
  "image_vs_gt_rmse": 0.030327834160451046,
  "image_vs_gt_lsd": 1.589629203636698,
  "image_vs_gt_spectral_convergence": 1.6202583397471069,
  "text_long_peak": 0.8999999761581421,
  "text_long_rms": 0.0022303457371890545,
  "text_long_duration": 5.0,
  "text_long_rt60": 1.9107708333333333,
  "text_long_drr": 8.964305520057678,
  "text_long_c80": 30.40592908859253,
  "text_long_spectral_centroid": 12868.323896803018,
  "text_long_spectral_rolloff": 19265.2,
  "text_long_zero_crossing_rate": 0.1536375,
  "text_long_vs_gt_correlation": -0.00896708071000749,
  "text_long_vs_gt_mse": 0.00030411145417019725,
  "text_long_vs_gt_rmse": 0.017438791692256927,
  "text_long_vs_gt_lsd": 1.214985728263855,
  "text_long_vs_gt_spectral_convergence": Infinity,
  "text_short_peak": 1.2239165236849203e-10,
  "text_short_rms": 5.721598542174355e-12,
  "text_short_duration": 5.0,
  "text_short_rt60": 0.023333333333333428,
  "text_short_drr": Infinity,
  "text_short_c80": Infinity,
  "text_short_spectral_centroid": 43.22255598237439,
  "text_short_spectral_rolloff": 45.400000000000006,
  "text_short_zero_crossing_rate": 0.08180416666666666,
  "text_short_vs_gt_correlation": -7.65624010374585e-06,
  "text_short_vs_gt_mse": 0.0002984460152219981,
  "text_short_vs_gt_rmse": 0.01727559044957161,
  "text_short_vs_gt_lsd": 1.2466682195663452,
  "text_short_vs_gt_spectral_convergence": Infinity,
  "image_vs_text_long_correlation": 0.0035423425019296445,
  "image_vs_text_long_mse": 0.0006406809236665804,
  "image_vs_text_long_rmse": 0.025311675639249576,
  "image_vs_text_long_lsd": 1.8692904104904378,
  "image_vs_text_long_spectral_convergence": 0.9970475073621266,
  "image_vs_text_short_correlation": 0.0006394514532448195,
  "image_vs_text_short_mse": 0.0006361049710125303,
  "image_vs_text_short_rmse": 0.025221121525668327,
  "image_vs_text_short_lsd": 2.118278847221565,
  "image_vs_text_short_spectral_convergence": 1.0,
  "text_long_vs_text_short_correlation": -0.0007787393686909574,
  "text_long_vs_text_short_mse": 4.974441708327504e-06,
  "text_long_vs_text_short_rmse": 0.0022303457371890545,
  "text_long_vs_text_short_lsd": 0.3592090904712677,
  "text_long_vs_text_short_spectral_convergence": Infinity,
  "clip_score_long": 0.25927734375,
  "clip_score_short": 0.29541015625
}