{
  "sample_index": 18,
  "base_name": "231_10",
  "long_description": "A luxurious entryway features a grand staircase ascending to a red carpeted landing at the top. A large crystal chandelier hangs from the ceiling, casting a warm glow over the space. Flanking the staircase are potted plants, adding a touch of nature to the elegant setting. White walls with decorative molding and paneling contrast with the polished wood flooring. A large square rug, with intricate border patterns, covers the floor, enhancing the overall aesthetic. On the right side of the entryway, a black console table holds an arrangement of vases and decorative items. On the left, a small, upholstered bench invites visitors to sit and relax. The ceiling has a recessed lighting feature, creating a soft, inviting ambiance.",
  "short_description": "grand entrance hall; large; marble, wood, glass; 10; medium (0.8 s)",
  "image_file": "231_10_label.jpg",
  "audio_file": "231_10_img.wav",
  "gt_peak": 0.8999999761581421,
  "gt_rms": 0.010631966404616833,
  "gt_duration": 5.94,
  "gt_rt60": 1.9207291666666666,
  "gt_drr": -2.8009527921676636,
  "gt_c80": 9.356657862663269,
  "gt_spectral_centroid": 5317.392744109184,
  "gt_spectral_rolloff": 8838.047138047139,
  "gt_zero_crossing_rate": 0.03273358585858586,
  "image_peak": 0.9,
  "image_rms": 0.03184531741112369,
  "image_duration": 5.0,
  "image_rt60": 1.4674375,
  "image_drr": -12.298614933141147,
  "image_c80": 4.003107846027212,
  "image_spectral_centroid": 7827.813471768866,
  "image_spectral_rolloff": 13873.2,
  "image_zero_crossing_rate": 0.17204583333333334,
  "image_vs_gt_correlation": -0.01167383316863831,
  "image_vs_gt_mse": 0.0011570302043808587,
  "image_vs_gt_rmse": 0.034015146690567995,
  "image_vs_gt_lsd": 1.6597930372806255,
  "image_vs_gt_spectral_convergence": 0.8661921503164125,
  "text_long_peak": 0.8999999761581421,
  "text_long_rms": 0.0022816963028162718,
  "text_long_duration": 5.0,
  "text_long_rt60": 1.4975833333333333,
  "text_long_drr": 8.750277757644653,
  "text_long_c80": 24.89619731903076,
  "text_long_spectral_centroid": 12891.955379474617,
  "text_long_spectral_rolloff": 19261.0,
  "text_long_zero_crossing_rate": 0.10749583333333333,
  "text_long_vs_gt_correlation": 0.009347077433259934,
  "text_long_vs_gt_mse": 0.0001390008837915957,
  "text_long_vs_gt_rmse": 0.011789863929152489,
  "text_long_vs_gt_lsd": 1.1857147216796875,
  "text_long_vs_gt_spectral_convergence": Infinity,
  "text_short_peak": 0.8999999761581421,
  "text_short_rms": 0.0021860410925000906,
  "text_short_duration": 5.0,
  "text_short_rt60": 0.851125,
  "text_short_drr": 9.136209487915039,
  "text_short_c80": 42.02216625213623,
  "text_short_spectral_centroid": 12946.94904691674,
  "text_short_spectral_rolloff": 19267.600000000002,
  "text_short_zero_crossing_rate": 0.21939166666666668,
  "text_short_vs_gt_correlation": 0.006820408457410565,
  "text_short_vs_gt_mse": 0.000138723204145208,
  "text_short_vs_gt_rmse": 0.011778081767261028,
  "text_short_vs_gt_lsd": 1.1984710693359375,
  "text_short_vs_gt_spectral_convergence": Infinity,
  "image_vs_text_long_correlation": 0.004332865567652147,
  "image_vs_text_long_mse": 0.0010187004767381331,
  "image_vs_text_long_rmse": 0.03191708753533338,
  "image_vs_text_long_lsd": 2.0556744746454063,
  "image_vs_text_long_spectral_convergence": 0.9967083492403549,
  "image_vs_text_short_correlation": 0.0023446175676557182,
  "image_vs_text_short_mse": 0.0010185765713143645,
  "image_vs_text_short_rmse": 0.03191514642476773,
  "image_vs_text_short_lsd": 2.084109000238244,
  "image_vs_text_short_spectral_convergence": 0.9969987633128131,
  "text_long_vs_text_short_correlation": 0.8718237117666032,
  "text_long_vs_text_short_mse": 1.2888473293060088e-06,
  "text_long_vs_text_short_rmse": 0.0011352740693837404,
  "text_long_vs_text_short_lsd": 0.0976765900850296,
  "text_long_vs_text_short_spectral_convergence": Infinity,
  "clip_score_long": 0.291259765625,
  "clip_score_short": 0.30029296875
}