{
  "sample_index": 14,
  "base_name": "254_20",
  "long_description": "A metal railing, attached to a set of stairs ascending towards a lit area at the top, stands out against the dark backdrop of a cave. The stairs are illuminated by the light from the top, casting a warm glow that highlights the texture of the metal. The cave walls, which appear to be a dark gray or brown color, surround the stairwell and contrast with the lighter tones of the stairs. A small light source is visible near the top of the stairs and seems to be attached to the railing, rather than a light fixture within the cave. The floor of the cave is a light brown or tan color, possibly rock or sand.",
  "short_description": "cave interior; medium; rock, dirt; 0; very_long (>2.5 s)",
  "image_file": "254_20_label.jpg",
  "audio_file": "254_20_img.wav",
  "gt_peak": 0.8999999165534973,
  "gt_rms": 0.02668791450560093,
  "gt_duration": 5.94,
  "gt_rt60": 1.1693125,
  "gt_drr": -10.311319828033447,
  "gt_c80": 5.385280251502991,
  "gt_spectral_centroid": 1793.99335672499,
  "gt_spectral_rolloff": 3329.9663299663302,
  "gt_zero_crossing_rate": 0.022148569023569025,
  "image_peak": 0.9,
  "image_rms": 0.018672125199768765,
  "image_duration": 5.0,
  "image_rt60": 0.7857916666666667,
  "image_drr": -7.4869286378682265,
  "image_c80": 9.575578739942008,
  "image_spectral_centroid": 7333.525933140085,
  "image_spectral_rolloff": 15472.6,
  "image_zero_crossing_rate": 0.21230416666666665,
  "image_vs_gt_correlation": 0.02508462173566624,
  "image_vs_gt_mse": 0.0011675457950876696,
  "image_vs_gt_rmse": 0.034169369252119206,
  "image_vs_gt_lsd": 1.438863888930137,
  "image_vs_gt_spectral_convergence": Infinity,
  "text_long_peak": 0.8999999761581421,
  "text_long_rms": 0.0034440907184034586,
  "text_long_duration": 5.0,
  "text_long_rt60": 4.556333333333334,
  "text_long_drr": -2.7224627137184143,
  "text_long_c80": 0.6694446504116058,
  "text_long_spectral_centroid": 6633.3249178400765,
  "text_long_spectral_rolloff": 14473.2,
  "text_long_zero_crossing_rate": 0.2581375,
  "text_long_vs_gt_correlation": 0.007698027441948197,
  "text_long_vs_gt_mse": 0.0008564656018279493,
  "text_long_vs_gt_rmse": 0.02926543354988098,
  "text_long_vs_gt_lsd": 1.10218346118927,
  "text_long_vs_gt_spectral_convergence": Infinity,
  "text_short_peak": 0.8999999761581421,
  "text_short_rms": 0.0022089083213359118,
  "text_short_duration": 5.0,
  "text_short_rt60": 1.8407083333333332,
  "text_short_drr": 8.259052038192749,
  "text_short_c80": 20.239973068237305,
  "text_short_spectral_centroid": 12535.814150722015,
  "text_short_spectral_rolloff": 19040.2,
  "text_short_zero_crossing_rate": 0.1526625,
  "text_short_vs_gt_correlation": -0.004782081366474149,
  "text_short_vs_gt_mse": 0.0008516405941918492,
  "text_short_vs_gt_rmse": 0.029182881116867065,
  "text_short_vs_gt_lsd": 1.4089163541793823,
  "text_short_vs_gt_spectral_convergence": Infinity,
  "image_vs_text_long_correlation": -0.008569790342557984,
  "image_vs_text_long_mse": 0.0003616120272287847,
  "image_vs_text_long_rmse": 0.0190160991591016,
  "image_vs_text_long_lsd": 1.4541914966525924,
  "image_vs_text_long_spectral_convergence": Infinity,
  "image_vs_text_short_correlation": -0.026250602932536206,
  "image_vs_text_short_mse": 0.00035569292474484484,
  "image_vs_text_short_rmse": 0.0188598230305813,
  "image_vs_text_short_lsd": 1.6490500212825137,
  "image_vs_text_short_spectral_convergence": Infinity,
  "text_long_vs_text_short_correlation": 0.5729997667901026,
  "text_long_vs_text_short_mse": 8.022871043067425e-06,
  "text_long_vs_text_short_rmse": 0.0028324672020971775,
  "text_long_vs_text_short_lsd": 0.4688373804092407,
  "text_long_vs_text_short_spectral_convergence": Infinity,
  "clip_score_long": 0.26220703125,
  "clip_score_short": 0.27197265625
}