{
  "sample_index": 12,
  "base_name": "220_58",
  "long_description": "A large blue room is set up for a performance or presentation.  A raised green stage is positioned in the center, with a black speaker on a stand to its left.  A microphone stand with a microphone is situated in the right middle of the room.  The floor is covered in blue tiles and appears clean and ready for performance.  There are also folding tables and chairs arranged in the background, along with a white cabinet or table. A piece of equipment, possibly a keyboard or control panel, is visible on the left side of the room near the cabinet.",
  "short_description": "small recording studio; small; concrete, metal, glass; 50; medium (0.7 s)",
  "image_file": "220_58_label.jpg",
  "audio_file": "220_58_img.wav",
  "gt_peak": 0.8999999761581421,
  "gt_rms": 0.01309164334088564,
  "gt_duration": 5.94,
  "gt_rt60": 1.8472708333333332,
  "gt_drr": -10.399686098098755,
  "gt_c80": 0.3207441046833992,
  "gt_spectral_centroid": 3309.3230007184443,
  "gt_spectral_rolloff": 6300.0,
  "gt_zero_crossing_rate": 0.021373456790123455,
  "image_peak": 0.9,
  "image_rms": 0.016817331778062744,
  "image_duration": 5.0,
  "image_rt60": 0.7337083333333333,
  "image_drr": -7.081595663612498,
  "image_c80": 11.010827352842343,
  "image_spectral_centroid": 8135.530288853704,
  "image_spectral_rolloff": 16017.2,
  "image_zero_crossing_rate": 0.24087916666666667,
  "image_vs_gt_correlation": 0.00472363019380702,
  "image_vs_gt_mse": 0.00048416880182133095,
  "image_vs_gt_rmse": 0.022003836070588485,
  "image_vs_gt_lsd": 1.321436877257041,
  "image_vs_gt_spectral_convergence": Infinity,
  "text_long_peak": 0.8999999761581421,
  "text_long_rms": 0.002323406282812357,
  "text_long_duration": 5.0,
  "text_long_rt60": 3.0010833333333333,
  "text_long_drr": 5.809674263000488,
  "text_long_c80": 11.128571033477783,
  "text_long_spectral_centroid": 11814.100074374228,
  "text_long_spectral_rolloff": 18770.4,
  "text_long_zero_crossing_rate": 0.4957916666666667,
  "text_long_vs_gt_correlation": -0.0004578776367043576,
  "text_long_vs_gt_mse": 0.00020904124539811164,
  "text_long_vs_gt_rmse": 0.014458258636295795,
  "text_long_vs_gt_lsd": 1.202809453010559,
  "text_long_vs_gt_spectral_convergence": Infinity,
  "text_short_peak": 0.8999999761581421,
  "text_short_rms": 0.0024298084899783134,
  "text_short_duration": 5.0,
  "text_short_rt60": 0.16525,
  "text_short_drr": 9.867572784423828,
  "text_short_c80": 53.03925037384033,
  "text_short_spectral_centroid": 12327.49403563762,
  "text_short_spectral_rolloff": 18341.2,
  "text_short_zero_crossing_rate": 0.0460375,
  "text_short_vs_gt_correlation": -0.0007248319946111484,
  "text_short_vs_gt_mse": 0.00020956715161446482,
  "text_short_vs_gt_rmse": 0.014476434327661991,
  "text_short_vs_gt_lsd": 1.2363160848617554,
  "text_short_vs_gt_spectral_convergence": Infinity,
  "image_vs_text_long_correlation": 0.017294953616092398,
  "image_vs_text_long_mse": 0.000286869314563879,
  "image_vs_text_long_rmse": 0.016937216848227427,
  "image_vs_text_long_lsd": 1.5532825395137755,
  "image_vs_text_long_spectral_convergence": Infinity,
  "image_vs_text_short_correlation": -0.008754640173557784,
  "image_vs_text_short_mse": 0.0002894420718672834,
  "image_vs_text_short_rmse": 0.017012997145338132,
  "image_vs_text_short_lsd": 1.5383238402671964,
  "image_vs_text_short_spectral_convergence": Infinity,
  "text_long_vs_text_short_correlation": 0.7793142330951632,
  "text_long_vs_text_short_mse": 2.503057885405724e-06,
  "text_long_vs_text_short_rmse": 0.0015821055276319385,
  "text_long_vs_text_short_lsd": 0.24150271713733673,
  "text_long_vs_text_short_spectral_convergence": Infinity,
  "clip_score_long": 0.311279296875,
  "clip_score_short": 0.318359375
}