{
  "sample_index": 1,
  "base_name": "193_1",
  "description": "An empty indoor gymnasium features a vibrant yellow wall contrasting with a cool gray floor marked with yellow lines. Two wooden benches are situated along the wall.  A black microphone stand with a microphone is positioned on the right side of the image. A black cable runs across the floor. A section of a white wall is visible in the background, and the gymnasium has metal support beams and panels across the ceiling. While there are some markings on the floor, they are not clear enough to confirm if they are graffiti.",
  "image_file": "193_1_label.jpg",
  "audio_file": "193_1_img.wav",
  "gt_peak": 0.9000000357627869,
  "gt_rms": 0.007712139748036861,
  "gt_duration": 5.94,
  "gt_rt60": 5.654708333333334,
  "gt_drr": -2.924157977104187,
  "gt_c80": -1.0952714085578918,
  "gt_spectral_centroid": 2996.607472046489,
  "gt_spectral_rolloff": 6273.063973063973,
  "gt_zero_crossing_rate": 0.07134890572390572,
  "image_peak": 0.9,
  "image_rms": 0.01564852275072551,
  "image_duration": 5.0,
  "image_rt60": 1.2545000000000002,
  "image_drr": -3.4858135175431224,
  "image_c80": 13.59502529593515,
  "image_spectral_centroid": 10412.2358799376,
  "image_spectral_rolloff": 17401.0,
  "image_zero_crossing_rate": 0.2556583333333333,
  "image_vs_gt_correlation": -0.0011690476561986463,
  "image_vs_gt_mse": 0.00031584200567167113,
  "image_vs_gt_rmse": 0.01777194434133956,
  "image_vs_gt_lsd": 1.441834570292646,
  "image_vs_gt_spectral_convergence": Infinity,
  "text_peak": 0.8999999761581421,
  "text_rms": 0.003840921213850379,
  "text_duration": 5.0,
  "text_rt60": 2.144333333333333,
  "text_drr": -4.17531281709671,
  "text_c80": 0.6004704162478447,
  "text_spectral_centroid": 7082.623125471289,
  "text_spectral_rolloff": 13659.2,
  "text_zero_crossing_rate": 0.32835,
  "text_vs_gt_correlation": -0.015583260280118078,
  "text_vs_gt_mse": 8.641649765195325e-05,
  "text_vs_gt_rmse": 0.009296047501266003,
  "text_vs_gt_lsd": 0.7248086333274841,
  "text_vs_gt_spectral_convergence": Infinity,
  "image_vs_text_correlation": 0.02962568027873636,
  "image_vs_text_mse": 0.0002560677601777983,
  "image_vs_text_rmse": 0.01600211736545506,
  "image_vs_text_lsd": 1.3555041356832864,
  "image_vs_text_spectral_convergence": Infinity,
  "clip_score": 0.3974609375
}