{
  "sample_index": 0,
  "base_name": "252_9",
  "long_description": "An empty theater features a harmonious blend of red and orange/brown seats arranged in a straight, tiered line. The seats stretch out towards the stage, which is also adorned with orange/brown panels. The stage is bathed in a warm, golden light, contrasting with the darker tones of the theater. The walls are primarily a beige or light tan color, with sections of wood paneling visible. A railing runs along the edge of the stage.",
  "short_description": "auditorium; medium; wood, metal, upholstered-seats; 30; medium (0.8 s)",
  "image_file": "252_9_label.jpg",
  "audio_file": "252_9_img.wav",
  "gt_peak": 0.9000000357627869,
  "gt_rms": 0.003904179437085986,
  "gt_duration": 5.94,
  "gt_rt60": 1.3725833333333333,
  "gt_drr": 4.5418402552604675,
  "gt_c80": 10.571863651275635,
  "gt_spectral_centroid": 3738.30396447571,
  "gt_spectral_rolloff": 6583.164983164984,
  "gt_zero_crossing_rate": 0.027742704826038158,
  "image_peak": 0.9,
  "image_rms": 0.025043906941450148,
  "image_duration": 5.0,
  "image_rt60": 0.7650833333333333,
  "image_drr": -10.515439413468341,
  "image_c80": 3.515311470885231,
  "image_spectral_centroid": 7264.750818840711,
  "image_spectral_rolloff": 17560.0,
  "image_zero_crossing_rate": 0.21865,
  "image_vs_gt_correlation": -0.010606047029699141,
  "image_vs_gt_mse": 0.000647565859440048,
  "image_vs_gt_rmse": 0.02544731536803142,
  "image_vs_gt_lsd": 1.7256328431928636,
  "image_vs_gt_spectral_convergence": 0.9661744354356161,
  "text_long_peak": 0.8999999761581421,
  "text_long_rms": 0.0026040729135274887,
  "text_long_duration": 5.0,
  "text_long_rt60": 2.4684166666666667,
  "text_long_drr": 1.776040941476822,
  "text_long_c80": 7.035958170890808,
  "text_long_spectral_centroid": 9530.289209367986,
  "text_long_spectral_rolloff": 17356.0,
  "text_long_zero_crossing_rate": 0.24461666666666668,
  "text_long_vs_gt_correlation": -0.012454316102903089,
  "text_long_vs_gt_mse": 2.5165396436932497e-05,
  "text_long_vs_gt_rmse": 0.0050165122374892235,
  "text_long_vs_gt_lsd": 0.6165435910224915,
  "text_long_vs_gt_spectral_convergence": Infinity,
  "text_short_peak": 0.8999999761581421,
  "text_short_rms": 0.0036988863721489906,
  "text_short_duration": 5.0,
  "text_short_rt60": 0.09377083333333333,
  "text_short_drr": 7.919021248817444,
  "text_short_c80": 60.79467296600342,
  "text_short_spectral_centroid": 10075.903622547781,
  "text_short_spectral_rolloff": 14651.6,
  "text_short_zero_crossing_rate": 0.0702125,
  "text_short_vs_gt_correlation": -0.08670778542643431,
  "text_short_vs_gt_mse": 3.4519642213126644e-05,
  "text_short_vs_gt_rmse": 0.005875342059880495,
  "text_short_vs_gt_lsd": 0.7420611381530762,
  "text_short_vs_gt_spectral_convergence": Infinity,
  "image_vs_text_long_correlation": 0.036396997063454194,
  "image_vs_text_long_mse": 0.0006292309334568147,
  "image_vs_text_long_rmse": 0.02508447594542917,
  "image_vs_text_long_lsd": 1.7733966636446046,
  "image_vs_text_long_spectral_convergence": 0.9922872692959732,
  "image_vs_text_short_correlation": 0.009976427765612719,
  "image_vs_text_short_mse": 0.0006390311488990868,
  "image_vs_text_short_rmse": 0.025279065427722736,
  "image_vs_text_short_lsd": 1.668947702002195,
  "image_vs_text_short_spectral_convergence": 0.9902230304885183,
  "text_long_vs_text_short_correlation": 0.49305443425528367,
  "text_long_vs_text_short_mse": 1.0964691682602279e-05,
  "text_long_vs_text_short_rmse": 0.0033112976234406233,
  "text_long_vs_text_short_lsd": 0.4859718084335327,
  "text_long_vs_text_short_spectral_convergence": Infinity,
  "clip_score_long": 0.323974609375,
  "clip_score_short": 0.251953125
}