{
  "sample_index": 21,
  "base_name": "193_2",
  "long_description": "An indoor sports complex, bathed in bright light, features a vibrant blue floor contrasting with the pristine white walls. The floor is marked with crisp blue and red lines, home to several athletic tracks that crisscross the space, appearing ready for action. The high ceiling is adorned with several lights, illuminating the space further.  The walls are punctuated by large windows that allow natural light to filter in, casting a warm glow over the area. In the center of the room, a large white bench invites athletes to rest and soak up the energy of the arena. There are also some equipment storage areas or garages visible in one part of the image. A large scoreboard or video board is on the wall at the far end of the space.",
  "short_description": "indoor sports facility; large; concrete, metal, rubber; 10; medium (0.8 s)",
  "image_file": "193_2_label.jpg",
  "audio_file": "193_2_img.wav",
  "gt_peak": 0.9000000357627869,
  "gt_rms": 0.007712139748036861,
  "gt_duration": 5.94,
  "gt_rt60": 5.654708333333334,
  "gt_drr": -2.924157977104187,
  "gt_c80": -1.0952714085578918,
  "gt_spectral_centroid": 2996.607472046489,
  "gt_spectral_rolloff": 6273.063973063973,
  "gt_zero_crossing_rate": 0.07134890572390572,
  "image_peak": 0.9,
  "image_rms": 0.019033407758589437,
  "image_duration": 5.0,
  "image_rt60": 1.7392291666666666,
  "image_drr": -7.864967137473055,
  "image_c80": 6.4768979109048805,
  "image_spectral_centroid": 7342.586841862835,
  "image_spectral_rolloff": 13250.400000000001,
  "image_zero_crossing_rate": 0.1629875,
  "image_vs_gt_correlation": 0.026115731593081438,
  "image_vs_gt_mse": 0.00042457251787724864,
  "image_vs_gt_rmse": 0.020605157555263893,
  "image_vs_gt_lsd": 1.3980340877534934,
  "image_vs_gt_spectral_convergence": Infinity,
  "text_long_peak": 0.8999999761581421,
  "text_long_rms": 0.0023656156845390797,
  "text_long_duration": 5.0,
  "text_long_rt60": 2.9410416666666666,
  "text_long_drr": 5.545490384101868,
  "text_long_c80": 11.26886248588562,
  "text_long_spectral_centroid": 11626.8188474547,
  "text_long_spectral_rolloff": 18653.4,
  "text_long_zero_crossing_rate": 0.40571666666666667,
  "text_long_vs_gt_correlation": -0.0097356094326021,
  "text_long_vs_gt_mse": 7.664095755899325e-05,
  "text_long_vs_gt_rmse": 0.008754482492804527,
  "text_long_vs_gt_lsd": 0.9353917837142944,
  "text_long_vs_gt_spectral_convergence": Infinity,
  "text_short_peak": 0.8999999761581421,
  "text_short_rms": 0.0027493915986269712,
  "text_short_duration": 5.0,
  "text_short_rt60": 3.00075,
  "text_short_drr": 1.589125543832779,
  "text_short_c80": 6.769116520881653,
  "text_short_spectral_centroid": 9574.089524809453,
  "text_short_spectral_rolloff": 17447.4,
  "text_short_zero_crossing_rate": 0.36084166666666667,
  "text_short_vs_gt_correlation": -0.0028626605140441366,
  "text_short_vs_gt_mse": 7.834876305423677e-05,
  "text_short_vs_gt_rmse": 0.008851483464241028,
  "text_short_vs_gt_lsd": 0.8467314839363098,
  "text_short_vs_gt_spectral_convergence": Infinity,
  "image_vs_text_long_correlation": -0.02441281306215197,
  "image_vs_text_long_mse": 0.0003700653020951655,
  "image_vs_text_long_rmse": 0.019237081433917294,
  "image_vs_text_long_lsd": 1.588466481477408,
  "image_vs_text_long_spectral_convergence": Infinity,
  "image_vs_text_short_correlation": -0.0008803603765530517,
  "image_vs_text_short_mse": 0.0003699222687005478,
  "image_vs_text_short_rmse": 0.019233363426622702,
  "image_vs_text_short_lsd": 1.508068923708978,
  "image_vs_text_short_spectral_convergence": Infinity,
  "text_long_vs_text_short_correlation": 0.7797123605213021,
  "text_long_vs_text_short_mse": 3.012788511114195e-06,
  "text_long_vs_text_short_rmse": 0.0017357385950163007,
  "text_long_vs_text_short_lsd": 0.268469899892807,
  "text_long_vs_text_short_spectral_convergence": Infinity,
  "clip_score_long": 0.3173828125,
  "clip_score_short": 0.295654296875
}