{
  "sample_index": 28,
  "base_name": "210_20",
  "long_description": "A spacious, modern atrium features a light-colored tiled floor that reflects the soft glow of the ceiling, which is adorned with numerous lights. A central wooden staircase with a metal railing on either side leads to a second level, where several dark-colored chairs and tables are arranged. Behind the tables, a portion of a dining area also be seen. The walls are painted a light green color, providing a pleasant backdrop to the surroundings, and are punctuated by large windows that allow natural light to flood the space. The atrium is well-lit, with artificial lighting also visible. In the background, a painting, possibly a sculpture, can be seen on the wall, and several other levels and areas within the atrium are visible.",
  "short_description": "modern office atrium; medium; glass, wood, carpet; 30; medium (0.8 s)",
  "image_file": "210_20_label.jpg",
  "audio_file": "210_20_img.wav",
  "gt_peak": 0.8999999761581421,
  "gt_rms": 0.020124146714806557,
  "gt_duration": 5.94,
  "gt_rt60": 2.1568750000000003,
  "gt_drr": -12.087105512619019,
  "gt_c80": -0.7810631394386292,
  "gt_spectral_centroid": 2304.4337808675887,
  "gt_spectral_rolloff": 5274.747474747475,
  "gt_zero_crossing_rate": 0.022366021324354658,
  "image_peak": 0.9,
  "image_rms": 0.010325627259488017,
  "image_duration": 5.0,
  "image_rt60": 1.3765416666666668,
  "image_drr": -4.364220667421291,
  "image_c80": 14.044073155112715,
  "image_spectral_centroid": 9671.572993171207,
  "image_spectral_rolloff": 17284.0,
  "image_zero_crossing_rate": 0.20469166666666666,
  "image_vs_gt_correlation": -0.0009980965082534165,
  "image_vs_gt_mse": 0.0005881882171579447,
  "image_vs_gt_rmse": 0.024252591967827784,
  "image_vs_gt_lsd": 1.2243496524685211,
  "image_vs_gt_spectral_convergence": Infinity,
  "text_long_peak": 0.8999999761581421,
  "text_long_rms": 0.003948925528675318,
  "text_long_duration": 5.0,
  "text_long_rt60": 1.0854375,
  "text_long_drr": -3.948310911655426,
  "text_long_c80": 0.9288794547319412,
  "text_long_spectral_centroid": 6958.051079631518,
  "text_long_spectral_rolloff": 13989.400000000001,
  "text_long_zero_crossing_rate": 0.15200833333333333,
  "text_long_vs_gt_correlation": -0.025107394739517827,
  "text_long_vs_gt_mse": 0.0005010613240301609,
  "text_long_vs_gt_rmse": 0.02238439954817295,
  "text_long_vs_gt_lsd": 1.0471075773239136,
  "text_long_vs_gt_spectral_convergence": Infinity,
  "text_short_peak": 0.8999999761581421,
  "text_short_rms": 0.0022575980983674526,
  "text_short_duration": 5.0,
  "text_short_rt60": 2.501125,
  "text_short_drr": 7.350391745567322,
  "text_short_c80": 14.214458465576172,
  "text_short_spectral_centroid": 12568.780247305272,
  "text_short_spectral_rolloff": 19277.600000000002,
  "text_short_zero_crossing_rate": 0.40044583333333333,
  "text_short_vs_gt_correlation": -0.001870893182765687,
  "text_short_vs_gt_mse": 0.00048640018212608993,
  "text_short_vs_gt_rmse": 0.022054482251405716,
  "text_short_vs_gt_lsd": 1.370797038078308,
  "text_short_vs_gt_spectral_convergence": Infinity,
  "image_vs_text_long_correlation": -0.00329312099719471,
  "image_vs_text_long_mse": 0.00012248122962375485,
  "image_vs_text_long_rmse": 0.01106712381894026,
  "image_vs_text_long_lsd": 1.0166378200431543,
  "image_vs_text_long_spectral_convergence": Infinity,
  "image_vs_text_short_correlation": 0.020918909750046483,
  "image_vs_text_short_mse": 0.0001107402954357656,
  "image_vs_text_short_rmse": 0.010523321502062246,
  "image_vs_text_short_lsd": 1.2241800003758099,
  "image_vs_text_short_spectral_convergence": Infinity,
  "text_long_vs_text_short_correlation": 0.49639187049779143,
  "text_long_vs_text_short_mse": 1.1840060324175283e-05,
  "text_long_vs_text_short_rmse": 0.003440938889980316,
  "text_long_vs_text_short_lsd": 0.5494934916496277,
  "text_long_vs_text_short_spectral_convergence": Infinity,
  "clip_score_long": 0.287353515625,
  "clip_score_short": 0.294921875
}