{
  "sample_index": 19,
  "base_name": "223_91",
  "long_description": "An empty room features a wooden floor and a wooden wall with a textured surface, possibly drywall or stucco. A metal pipe runs along the left wall, and a wooden structure, possibly a frame or part of a machine, is visible in the foreground. Two metal poles stand near the center, one with a curved top and the other with a flat top.  A black metal object, possibly a boom mic stand, is placed in the center of the room. The room is illuminated by a light source that casts shadows on the floor. A wooden beam or structural element is visible on the wall near the center. The image captures a raw and unused space, with no furniture or decorations present.",
  "short_description": "anechoic chamber; tiny; foam, metal; 95; short (<0.4 s)",
  "image_file": "223_91_label.jpg",
  "audio_file": "223_91_img.wav",
  "gt_peak": 0.8999999761581421,
  "gt_rms": 0.015027827583253384,
  "gt_duration": 5.94,
  "gt_rt60": 5.58375,
  "gt_drr": -9.393773674964905,
  "gt_c80": -1.311500370502472,
  "gt_spectral_centroid": 2266.121656686559,
  "gt_spectral_rolloff": 4530.639730639731,
  "gt_zero_crossing_rate": 0.07053872053872054,
  "image_peak": 0.9,
  "image_rms": 0.027639060233694057,
  "image_duration": 5.0,
  "image_rt60": 1.9877291666666668,
  "image_drr": -13.087741964573596,
  "image_c80": 5.865152454524027,
  "image_spectral_centroid": 7342.339430165455,
  "image_spectral_rolloff": 16562.0,
  "image_zero_crossing_rate": 0.22672916666666668,
  "image_vs_gt_correlation": -0.007917901418690214,
  "image_vs_gt_mse": 0.0010393798262351994,
  "image_vs_gt_rmse": 0.03223941417326313,
  "image_vs_gt_lsd": 1.6427618917423257,
  "image_vs_gt_spectral_convergence": 1.054532397033098,
  "text_long_peak": 0.8999999761581421,
  "text_long_rms": 0.002638951176777482,
  "text_long_duration": 5.0,
  "text_long_rt60": 2.5307291666666667,
  "text_long_drr": 3.3091673254966736,
  "text_long_c80": 11.845558881759644,
  "text_long_spectral_centroid": 10713.886672070359,
  "text_long_spectral_rolloff": 18016.600000000002,
  "text_long_zero_crossing_rate": 0.23774166666666666,
  "text_long_vs_gt_correlation": 0.0007079994630566228,
  "text_long_vs_gt_mse": 0.0002751940628513694,
  "text_long_vs_gt_rmse": 0.016588974744081497,
  "text_long_vs_gt_lsd": 1.1395471096038818,
  "text_long_vs_gt_spectral_convergence": Infinity,
  "text_short_peak": 0.8999999761581421,
  "text_short_rms": 0.0021796461660414934,
  "text_short_duration": 5.0,
  "text_short_rt60": 1.299625,
  "text_short_drr": 9.331645965576172,
  "text_short_c80": 31.841344833374023,
  "text_short_spectral_centroid": 12704.558861647052,
  "text_short_spectral_rolloff": 19075.4,
  "text_short_zero_crossing_rate": 0.0998,
  "text_short_vs_gt_correlation": 0.001747153539266242,
  "text_short_vs_gt_mse": 0.00027291750302538276,
  "text_short_vs_gt_rmse": 0.016520215198397636,
  "text_short_vs_gt_lsd": 1.257263422012329,
  "text_short_vs_gt_spectral_convergence": Infinity,
  "image_vs_text_long_correlation": -0.01537453302609637,
  "image_vs_text_long_mse": 0.000773124688976703,
  "image_vs_text_long_rmse": 0.027805119833884964,
  "image_vs_text_long_lsd": 1.8449386936541115,
  "image_vs_text_long_spectral_convergence": 0.9942168688928105,
  "image_vs_text_short_correlation": 0.00048472845578588746,
  "image_vs_text_short_mse": 0.0007686102407015448,
  "image_vs_text_short_rmse": 0.027723820817151894,
  "image_vs_text_short_lsd": 1.9703680231715268,
  "image_vs_text_short_spectral_convergence": 0.9972910487248962,
  "text_long_vs_text_short_correlation": 0.798817440920829,
  "text_long_vs_text_short_mse": 2.5253459625673713e-06,
  "text_long_vs_text_short_rmse": 0.0015891337534412742,
  "text_long_vs_text_short_lsd": 0.2545762062072754,
  "text_long_vs_text_short_spectral_convergence": Infinity,
  "clip_score_long": 0.33251953125,
  "clip_score_short": 0.29736328125
}